{
   "name":"jAtreus",
   "vendorId":"0x4A43",
   "productId":"0x0000",
   "lighting":"none",
   "matrix":{
      "rows":9,
      "cols":5
   },
   "layouts":{
      "keymap":[
         [
            {
               "r":10,
               "rx":1,
               "y":-0.09999999999999998,
               "x":2
            },
            "0,2"
         ],
         [
            {
               "y":-0.65,
               "x":1
            },
            "0,1",
            {
               "x":1
            },
            "0,3"
         ],
         [
            {
               "y":-0.75
            },
            "0,0"
         ],
         [
            {
               "y":-0.9,
               "x":4
            },
            "0,4"
         ],
         [
            {
               "y":-0.7000000000000001,
               "x":2
            },
            "1,2"
         ],
         [
            {
               "y":-0.6499999999999999,
               "x":1
            },
            "1,1",
            {
               "x":1
            },
            "1,3"
         ],
         [
            {
               "y":-0.75
            },
            "1,0"
         ],
         [
            {
               "y":-0.8999999999999999,
               "x":4
            },
            "1,4"
         ],
         [
            {
               "y":-0.7000000000000002,
               "x":2
            },
            "2,2"
         ],
         [
            {
               "y":-0.6499999999999999,
               "x":1
            },
            "2,1",
            {
               "x":1
            },
            "2,3"
         ],
         [
            {
               "y":-0.75
            },
            "2,0"
         ],
         [
            {
               "y":-0.8999999999999999,
               "x":4
            },
            "2,4"
         ],
         [
            {
               "y":-0.75,
               "x":5,
               "h":1.5
            },
            "8,0"
         ],
         [
            {
               "y":-0.9500000000000002,
               "x":2
            },
            "3,2"
         ],
         [
            {
               "y":-0.6499999999999999,
               "x":1
            },
            "3,1",
            {
               "x":1
            },
            "3,3"
         ],
         [
            {
               "y":-0.75
            },
            "3,0"
         ],
         [
            {
               "y":-0.8999999999999999,
               "x":4
            },
            "3,4"
         ],
         [
            {
               "r":-10,
               "rx":7,
               "ry":0.965,
               "y":-0.20000000000000018,
               "x":2
            },
            "4,2"
         ],
         [
            {
               "y":-0.6499999999999999,
               "x":1
            },
            "4,1",
            {
               "x":1
            },
            "4,3"
         ],
         [
            {
               "y":-0.75,
               "x":4
            },
            "4,4"
         ],
         [
            {
               "y":-0.8999999999999999
            },
            "4,0"
         ],
         [
            {
               "y":-0.7000000000000002,
               "x":2
            },
            "5,2"
         ],
         [
            {
               "y":-0.6499999999999999,
               "x":1
            },
            "5,1",
            {
               "x":1
            },
            "5,3"
         ],
         [
            {
               "y":-0.75,
               "x":4
            },
            "5,4\n;"
         ],
         [
            {
               "y":-0.8999999999999999
            },
            "5,0"
         ],
         [
            {
               "y":-0.7000000000000002,
               "x":2
            },
            "6,2\n,"
         ],
         [
            {
               "y":-0.6499999999999999,
               "x":1
            },
            "6,1",
            {
               "x":1
            },
            "6,3\n."
        ],
         [
            {
               "y":-0.7500000000000004,
               "x":4
            },
            "6,4\n/"
         ],
         [
            {
               "y":-0.9000000000000004
            },
            "6,0"
         ],
         [
            {
               "y":-0.7499999999999996,
               "x":-1,
               "h":1.5
            },
            "8,1"
         ],
         [
            {
               "y":-0.9499999999999997,
               "x":2
            },
            "7,2\n-"
         ],
         [
            {
               "y":-0.6500000000000004,
               "x":1
            },
            "7,1",
            {
               "x":1
            },
            "7,3\n'"
         ],
         [
            {
               "y":-0.75,
               "x":4
            },
            "7,4"
         ],
         [
            {
               "y":-0.9000000000000004
            },
            "7,0"
         ]
      ]
   }
} 
